year,month,total
2016,january,33
2016,february,29
2016,march,44
2016,april,40
2016,may,65
2016,june,39
2016,july,61
2016,august,46
2016,september,26
2016,october,60
2016,november,40
2016,december,43
2017,january,49
2017,february,45
2017,march,61
2017,april,27
2017,may,28
2017,june,38
2017,july,34
2017,august,67
2017,september,61
2017,october,46
2017,november,46
2017,december,34
2018,january,45
2018,february,43
2018,march,65
2018,april,64
2018,may,65
2018,june,48
2018,july,63
2018,august,58
2018,september,64
2018,october,62
2018,november,58
2018,december,66
2019,january,65
2019,february,77
2019,march,79
2019,april,55
2019,may,91
2019,june,89
2019,july,72
2019,august,92
2019,september,100
2019,october,106
2019,november,120
2019,december,120
2020,january,104
2020,february,134
2020,march,98
2020,april,139
2020,may,221
2020,june,192
2020,july,184
2020,august,171
2020,september,178
2020,october,152
2020,november,200
2020,december,210
2021,january,188
2021,february,160
2021,march,161
2021,april,136
2021,may,129
2021,june,135
2021,july,123
2021,august,136
2021,september,158
2021,october,200
2021,november,226
2021,december,216
2022,january,213
2022,february,197
2022,march,190
2022,april,175
2022,may,165
2022,june,180
2022,july,132
2022,august,138
2022,september,187
2022,october,204
2022,november,211
2022,december,188
2023,january,174
2023,february,184
2023,march,155
2023,april,182
2023,may,180
2023,june,117
2023,july,131
2023,august,176
2023,september,197
2023,october,176
2023,november,170
2023,december,153
2024,january,154
2024,february,176
2024,march,176
2024,april,194
2024,may,239
2024,june,225
2024,july,233
2024,august,180
2024,september,205
2024,october,217
2024,november,259
2024,december,217
2025,january,287
2025,february,252
2025,march,273
2025,april,259
2025,may,274
2025,june,247
2025,july,302
2025,august,281
2025,september,262
2025,october,313
2025,november,258
2025,december,222
